,id,username,location,category,picture,name,item_code,color,searchtimes,number,createTime,phone,description
1,null,null,galway,sport,aW1hZ2VzL3Nwb3J0L2Jhc2tldGJhbGwuanBn,basketball,null,null,1,null,null,90,this is a basketball
2,null,null,dublin,sport,aW1hZ2VzL3Nwb3J0L2JhdHRsZWRvcmUuanBn,battledore,null,null,1,null,null,90,this is a 
3,null,null,cork,sport,aW1hZ2VzL3Nwb3J0L2JpY3ljbGUuanBn,bicycle,null,null,3,null,null,90,this is a basketball
4,null,null,cork,sport,aW1hZ2VzL3Nwb3J0L2R1bWJiZWxsLmpwZw==,dumbbell,null,null,1,null,null,90,this is a basketball
5,null,null,belfast,sport,aW1hZ2VzL3Nwb3J0L2Zvb3RiYWxsLmpwZw==,football,null,null,1,null,null,90,this is a basketball
6,null,null,belfast,sport,aW1hZ2VzL3Nwb3J0L2dvZ2dsZXMuanBn,goggles,null,null,2,null,null,90,this is a basketball
7,null,null,galway,sport,aW1hZ2VzL3Nwb3J0L2hvY2tleSBzdGljay5qcGc=,hockey stick,null,null,1,null,null,90,this is a basketball
8,null,null,galway,sport,aW1hZ2VzL3Nwb3J0L2tuaWZlLmpwZw==,knife,null,null,1,null,null,90,this is a basketball
9,null,null,waterford,sport,aW1hZ2VzL3Nwb3J0L3N3aW0gcmluZy5qcGc=,swim ring,null,null,1,null,null,90,this is a basketball
10,null,null,dublin,sport,aW1hZ2VzL3Nwb3J0L3Rlbm5pcyByYWNrZXQuanBn,tennis racket,null,null,5,null,null,90,this is a basketball
11,null,null,dublin,sport,aW1hZ2VzL3Nwb3J0L3RlbnQuanBn,tent,null,null,1,null,null,90,this is a basketball
12,null,null,dublin,sport,aW1hZ2VzL3Nwb3J0L3RyZWFkbWlsbC5qcGc=,treadmill,null,null,11,null,null,90,this is a basketball
